{
  "previousPageCursor": null,
  "nextPageCursor": null,
  "data": [
    {
      "id": "17d1d1b1-65d3-49e2-a287-2ac2e1249961",
      "maxPlayers": 8,
      "playerTokens": [],
      "players": [],
      "fps": 59.964325,
      "ping": 2657
    },
    {
      "id": "9f574b19-99c1-420b-938a-f6a9ff68e5cf",
      "maxPlayers": 8,
      "playerTokens": [],
      "players": [],
      "fps": 59.989029
    },
    {
      "id": "cf123d20-53cc-4180-83f8-a2d28272da99",
      "maxPlayers": 8,
      "playerTokens": [],
      "players": [],
      "fps": 59.9464,
      "ping": 52
    },
    {
      "id": "bd797a48-a057-40c7-9dfb-29b9170b60e6",
      "maxPlayers": 8,
      "playing": 1,
      "playerTokens": [
        "B3115B69CB7953E80B564FF26C9B3E95"
      ],
      "players": [],
      "fps": 59.981045,
      "ping": 155
    }
  ]
}