{
  "previousPageCursor": null,
  "nextPageCursor": null,
  "data": [
    {
      "id": "3bd6a2a9-50e9-4afb-b7df-530746252d00",
      "maxPlayers": 8,
      "playerTokens": [],
      "players": [],
      "fps": 60.061947
    },
    {
      "id": "64759de0-5403-4708-b2ce-f4e2369fc4eb",
      "maxPlayers": 8,
      "playing": 1,
      "playerTokens": [
        "7F9C1E40C3B8940BA76E830C8630F741"
      ],
      "players": [],
      "fps": 59.991676,
      "ping": 149
    }
  ]
}