{
  "previousPageCursor": null,
  "nextPageCursor": null,
  "data": [
    {
      "id": "7e134f98-40d4-4f57-9964-ba55e919e8b5",
      "maxPlayers": 8,
      "playing": 1,
      "playerTokens": [
        "1F8B7E02D6A73D743E8F1A3F51FBCAFB"
      ],
      "players": [],
      "fps": 59.994244,
      "ping": 61
    },
    {
      "id": "ff5e547e-4bda-40c6-b735-e6ad13212f38",
      "maxPlayers": 8,
      "playing": 1,
      "playerTokens": [
        "7F6123FEA5A4177AED89ADE1088687C6"
      ],
      "players": [],
      "fps": 59.988293,
      "ping": 89
    },
    {
      "id": "bcd899cf-e26c-4b1b-a6b2-a3c44104624e",
      "maxPlayers": 8,
      "playing": 1,
      "playerTokens": [
        "78ECCE123B3E6B3A688A96FF952FB884"
      ],
      "players": [],
      "fps": 59.9865,
      "ping": 280
    },
    {
      "id": "4d20d346-f980-4ad2-a4dc-a665b990d017",
      "maxPlayers": 8,
      "playing": 1,
      "playerTokens": [
        "558815D91897FF4568398488C8E8F5E9"
      ],
      "players": [],
      "fps": 59.993233,
      "ping": 152
    }
  ]
}