{
  "previousPageCursor": null,
  "nextPageCursor": null,
  "data": [
    {
      "id": "75305cc5-1d65-4bdb-8729-2e013efb8b23",
      "maxPlayers": 8,
      "playing": 1,
      "playerTokens": [
        "B5ED598421E95B383C99D94E15FD964B"
      ],
      "players": [],
      "fps": 59.996998,
      "ping": 170
    },
    {
      "id": "28f860d4-0d9a-4412-bd01-6eec9013cd77",
      "maxPlayers": 8,
      "playing": 1,
      "playerTokens": [
        "477230F806491568B30092CA2E3A9C28"
      ],
      "players": [],
      "fps": 59.993816,
      "ping": 160
    }
  ]
}